BLACK/SILVER|BLACK/SILVER
BLACK/WHITE/STERLING|BLACK/WHITE/STERLING
MOSS/BERRY|MOSS/BERRY
EC TR RED/EC IVRY|EC TR RED/EC IVRY
NAVY/AZURE|NAVY/AZURE
C GOLD/NAVY|C GOLD/NAVY
YELLOW ROSE|YELLOW ROSE
NATURAL/FLAMINGO PRINT|NATURAL/FLAMINGO PRINT
WHITE/C GOLD|WHITE/C GOLD
SPRING LEAF|SPRING LEAF
ROYAL/ROYAL|ROYAL/ROYAL
JUNGLE|JUNGLE
VINTAGE WHITE|VINTAGE WHITE
CURRANT/SLATE|CURRANT/SLATE
BLACK/LIGHT GREY|BLACK/LIGHT GREY
WATERMELON|WATERMELON
ASH GRAY|ASH GRAY
COBALT/BLACK|COBALT/BLACK
ECO GRY|ECO GRY
YELLOW/BLACK|YELLOW/BLACK
ECO GRY/ECO TR ROY|ECO GRY/ECO TR ROY
CURRANT|CURRANT
FOREST CAMO|FOREST CAMO
HAW BLUE/SPRMNT/WHT|HAW BLUE/SPRMNT/WHT
CLOUD BLUE/CREME|CLOUD BLUE/CREME
ECO LT BLUE|ECO LT BLUE
CELEDON|CELEDON
PALACE BLUE|PALACE BLUE
ATLANTIC|ATLANTIC
BANANA MILKSHAKE|BANANA MILKSHAKE
GREEN MIST/CREME|GREEN MIST/CREME
CADET|CADET
TRUE BLACK|TRUE BLACK
ATHLETIC ROYAL|ATHLETIC ROYAL
HEATHER ROYAL|HEATHER ROYAL
POOL BLUE|POOL BLUE
DARK CHOCOLATE|DARK CHOCOLATE
BLUE JEAN|BLUE JEAN
PURPLE/WHITE|PURPLE/WHITE
HEATHER NVY/MIDNIGHT|HEATHER NVY/MIDNIGHT
GOLD NEW|GOLD NEW
ANTIQUE SAPPHIRE|ANTIQUE SAPPHIRE
DARK HEATHER|DARK HEATHER
TURQUOISE|TURQUOISE
ECO GREY/NAVY|ECO GREY/NAVY
RED/ATH HTHR/WHT|RED/ATH HTHR/WHT
EARTH SANDSTONE|EARTH SANDSTONE
CARNATION|CARNATION
WHITE/ROYAL|WHITE/ROYAL
AQUA/RASPBERRY|AQUA/RASPBERRY
MARDI GRAS|MARDI GRAS
PINEAPPLE|PINEAPPLE
ECO GRY/ECO TRU BRN|ECO GRY/ECO TRU BRN
ECO TRUE RUST|ECO TRUE RUST
ANTQUE IRISH GREEN|ANTQUE IRISH GREEN
RED PLAID|RED PLAID
NAVY/GREY|NAVY/GREY
SAFETY PINK|SAFETY PINK
NEON BLUE|NEON BLUE
FOREST/KHAKI|FOREST/KHAKI
LAVENDER|LAVENDER
TANGERINE/NAVY|TANGERINE/NAVY
VIOLA|VIOLA
DOVE|DOVE
BRETT/WHITE|BRETT/WHITE
ORANGE/NAVY|ORANGE/NAVY
DARK RED/BLACK|DARK RED/BLACK
STONE/NAVY/WHITE|STONE/NAVY/WHITE
EGGPLANT|EGGPLANT
BAMBOO|BAMBOO
MAROON/GRANITE HTHR|MAROON/GRANITE HTHR
CRUNCHBERRY|CRUNCHBERRY
CLOVER|CLOVER
ECLIPSE|ECLIPSE
GRANITE|GRANITE
IRIS|IRIS
HEATHER GREEN|HEATHER GREEN
ONE|ONE
ATHLETIC ROYAL/WHITE|ATHLETIC ROYAL/WHITE
WILLOW/WHITE|WILLOW/WHITE
PINK WOODLAND|PINK WOODLAND
INK/WHITE|INK/WHITE
DAFFODIL YELLOW|DAFFODIL YELLOW
SUNSHINE|SUNSHINE
SPIDER LAVENDER|SPIDER LAVENDER
ATHLETIC HTHR/DK GREEN|ATHLETIC HTHR/DK GREEN
CANYON|CANYON
GUNMETAL/BLACK|GUNMETAL/BLACK
LT COLLEGE BLUE|LT COLLEGE BLUE
ORANGE SORBET|ORANGE SORBET
STONE/OLIVE|STONE/OLIVE
BRIGHT RED|BRIGHT RED
HEATHER PURPLE|HEATHER PURPLE
BIMINI BLUE|BIMINI BLUE
AMBER|AMBER
BLACK/BLACK/WHITE|BLACK/BLACK/WHITE
GALAPAGOS BLUE|GALAPAGOS BLUE
SCARLET|SCARLET
SOFT BLUE|SOFT BLUE
FUCHSIA/PINK|FUCHSIA/PINK
MANDARIN ORANGE|MANDARIN ORANGE
BLUE WOODLAND|BLUE WOODLAND
ROYAL/WITE|ROYAL/WITE
MIDNIGHT|MIDNIGHT
SMOKE/RED|SMOKE/RED
PALE PINK|PALE PINK
FOREST/CREME|FOREST/CREME
ATHLETIC HTHR/RED|ATHLETIC HTHR/RED
MAROON/SILVER|MAROON/SILVER
ROYAL/BLACK|ROYAL/BLACK
BLK HT/OXF GRY HTH|BLK HT/OXF GRY HTH
EC GRY/EC TR NVY|EC GRY/EC TR NVY
HONEY|HONEY
ATHLETIC ROYAL/NAVY|ATHLETIC ROYAL/NAVY
ECO GREY/BLACK|ECO GREY/BLACK
ECO TRUE BLACK|ECO TRUE BLACK
APG|APG
CREAM|CREAM
INDIGO|INDIGO
BABY BLUE|BABY BLUE
ATHLETIC ORANGE|ATHLETIC ORANGE
OXF GRY HT/SAND HTH|OXF GRY HT/SAND HTH
DESERT|DESERT
WHT/NAVY/CARMINE RED|WHT/NAVY/CARMINE RED
EC TR ROY/TR RED|EC TR ROY/TR RED
EC TR ORG/ETR AVO|EC TR ORG/ETR AVO
STEEL BLUE/WHITE|STEEL BLUE/WHITE
BLUE JERRY|BLUE JERRY
SAND/BROWN|SAND/BROWN
NAVY/BLACK/WHITE|NAVY/BLACK/WHITE
ZUCCHINI/BLK/STERLING|ZUCCHINI/BLK/STERLING
BLUE GRANITE|BLUE GRANITE
BLACK/WHITE|BLACK/WHITE
PALE BLUE|PALE BLUE
SPRING GREEN/WHITE|SPRING GREEN/WHITE
HTHR BLUE/NAVY|HTHR BLUE/NAVY
WHITE PLASTIC|WHITE PLASTIC
GREEN LEAF|GREEN LEAF
CARDINAL|CARDINAL
TEAM BLUE/WHITE|TEAM BLUE/WHITE
STONE BLUE|STONE BLUE
ATHLETIC GREY|ATHLETIC GREY
HENNA|HENNA
TEAM PURPLE/WHITE|TEAM PURPLE/WHITE
MUSTARD|MUSTARD
VINTAGE NATURAL|VINTAGE NATURAL
WOODLAND/ORANGE|WOODLAND/ORANGE
KHK/SPRUCE GREEN|KHK/SPRUCE GREEN
PINK/WHITE|PINK/WHITE
SOFT PINK|SOFT PINK
EARTH BLACK|EARTH BLACK
BBN|BBN
EARTH COAL|EARTH COAL
DEEP BLUE/WHITE|DEEP BLUE/WHITE
HTHR GREY/BLACK|HTHR GREY/BLACK
STEEL BLUE/GREY|STEEL BLUE/GREY
YAM|YAM
LAKE BLUE|LAKE BLUE
BLACK HERRINGBONE|BLACK HERRINGBONE
RED/WHITE/BLACK|RED/WHITE/BLACK
EC TR PUR/TR GLD|EC TR PUR/TR GLD
ECO TR NAVY|ECO TR NAVY
INDEPENDENCE RED|INDEPENDENCE RED
SMOKEY BLUE|SMOKEY BLUE
SPEARMINT|SPEARMINT
LT RED TRIBLEND|LT RED TRIBLEND
FRENCH BLUE|FRENCH BLUE
GREEN TEA|GREEN TEA
DEEP ORANGE|DEEP ORANGE
SILVER CAMO|SILVER CAMO
BLUE CHAMBRAY|BLUE CHAMBRAY
SILV GRY/WHITE/BLCK|SILV GRY/WHITE/BLCK
DARKGREEN/OXFORD|DARKGREEN/OXFORD
ASH HEATHER|ASH HEATHER
BLACK/SILVER GREY|BLACK/SILVER GREY
CAMO|CAMO
NAVY/KHAKI|NAVY/KHAKI
KELLY/BLACK/WHITE|KELLY/BLACK/WHITE
SEA GREEN|SEA GREEN
TURF GREEN|TURF GREEN
FROST PINK|FROST PINK
BLACK HEATHER|BLACK HEATHER
TWEED|TWEED
NATURAL/RED|NATURAL/RED
ECO OLIVE|ECO OLIVE
EARTH OCEAN|EARTH OCEAN
OLD GOLD|OLD GOLD
DARK SAFARI/BROWN|DARK SAFARI/BROWN
HEATHER BROWN/BROWN|HEATHER BROWN/BROWN
GOLD/WHITE|GOLD/WHITE
WHITE/ATHLETIC HTHR|WHITE/ATHLETIC HTHR
ATHLETIC ROYAL/WHTIE|ATHLETIC ROYAL/WHTIE
FLO BLUE|FLO BLUE
ETERNITY|ETERNITY
CHARCOAL GREY|CHARCOAL GREY
MEADOW|MEADOW
BUTTER/NAVY|BUTTER/NAVY
BRIGHT YELLOW|BRIGHT YELLOW
GULF/WHITE|GULF/WHITE
EVENING SKY|EVENING SKY
WHITE/COLLEGIATE ROY|WHITE/COLLEGIATE ROY
ATHLETIC HTHR/NAVY|ATHLETIC HTHR/NAVY
HEATHER DARK GREY|HEATHER DARK GREY
WHITE/BLUE/NAVY|WHITE/BLUE/NAVY
LIGHT COLLEGE BLUE|LIGHT COLLEGE BLUE
BOYSENBERRY|BOYSENBERRY
ABSOLUTE BLUE/WHITE|ABSOLUTE BLUE/WHITE
ATHLETIC HTHR/ORANGE|ATHLETIC HTHR/ORANGE
INDIGO BLUE|INDIGO BLUE
DARK HUNTER|DARK HUNTER
SIENNA|SIENNA
ECO GRY/ECO TR GRN|ECO GRY/ECO TR GRN
HORIZON/WHITE|HORIZON/WHITE
POPPY|POPPY
GALAXY|GALAXY
RED/BLACK|RED/BLACK
BLACK/HTHR GREY|BLACK/HTHR GREY
ECO TRUE TURQ|ECO TRUE TURQ
ATHLETIC HEATHER/NAVY|ATHLETIC HEATHER/NAVY
GRAPHITE/WHITE|GRAPHITE/WHITE
SCRUB GREEN|SCRUB GREEN
GRAPE|GRAPE
NAVY FLAG|NAVY FLAG
SANDSTORM/WHITE|SANDSTORM/WHITE
SPIDER PURPLE|SPIDER PURPLE
WILLOW|WILLOW
ANTQUE SAPPHIRE|ANTQUE SAPPHIRE
SPRING YELLOW|SPRING YELLOW
CERISE|CERISE
WHITE/HTHR GREY|WHITE/HTHR GREY
TEAL BLUE|TEAL BLUE
WHITE/SCARLET|WHITE/SCARLET
CRIMSON/WHITE|CRIMSON/WHITE
ATHLETIC HEATHER/ROYAL|ATHLETIC HEATHER/ROYAL
SPIDER CRIMSON|SPIDER CRIMSON
SILV GRY/WHITE/BLACK|SILV GRY/WHITE/BLACK
COLLEGIATE NAVY/WHITE|COLLEGIATE NAVY/WHITE
HTHER NVY/MIDNIGHT|HTHER NVY/MIDNIGHT
WOODLAND|WOODLAND
ECO BURGUNDY|ECO BURGUNDY
ROYAL/ATH HTHR/WHT|ROYAL/ATH HTHR/WHT
SAILOR BLUE|SAILOR BLUE
PIGMENT BLACK|PIGMENT BLACK
STONE GRAY|STONE GRAY
CAROLINA BLUE/NAVY|CAROLINA BLUE/NAVY
ATHLETIC ROYAL BLUE|ATHLETIC ROYAL BLUE
GARNET|GARNET
SHIMMER|SHIMMER
TROPICAL PINK|TROPICAL PINK
PURPLE/WHITE/SILV GRY|PURPLE/WHITE/SILV GRY
ORCHID|ORCHID
NECTARINE|NECTARINE
SLATE|SLATE
LIGHT AQUA|LIGHT AQUA
DARK DILL|DARK DILL
EC TR TRQ/EC TR BRG|EC TR TRQ/EC TR BRG
CANTALOUPE|CANTALOUPE
FOREST/CREAM|FOREST/CREAM
PRAIRIE DUST|PRAIRIE DUST
WINE HEATHER|WINE HEATHER
GRY HTHR/RED|GRY HTHR/RED
PURPLE/BLACK/WHITE|PURPLE/BLACK/WHITE
PAPRIKA|PAPRIKA
EC TR TUR/TR ORNG|EC TR TUR/TR ORNG
CHAMOIS|CHAMOIS
CANVAS RED/WHITE|CANVAS RED/WHITE
FRESH PINK STRIPE|FRESH PINK STRIPE
ATHLETIC DK GRN/WHT|ATHLETIC DK GRN/WHT
LEAF/SLATE|LEAF/SLATE
CYBER PINK|CYBER PINK
HTHR GREEN/FOREST|HTHR GREEN/FOREST
NATURAL/CHARITY PINK|NATURAL/CHARITY PINK
JADE GREEN|JADE GREEN
SPORT GREY/FOREST|SPORT GREY/FOREST
FRESH PINK|FRESH PINK
PREPARED FOR DYE|PREPARED FOR DYE
PEAR GREEN|PEAR GREEN
ANTQUE CHERRY RED|ANTQUE CHERRY RED
SAND/CREME|SAND/CREME
ECO TR VNTGE BLACK|ECO TR VNTGE BLACK
EARTH GREEN|EARTH GREEN
UNIVERSITY RED|UNIVERSITY RED
RED/SPORT GREY|RED/SPORT GREY
CLOUD BLUE|CLOUD BLUE
WHITE/GRANITE|WHITE/GRANITE
BLACK/NAVY|BLACK/NAVY
BLACK/TEAL|BLACK/TEAL
CELERY|CELERY
NAVY/ATH HTHR/WHT|NAVY/ATH HTHR/WHT
ECO TR PURPLE|ECO TR PURPLE
WHITE/CANDY LILACS STITCH|WHITE/CANDY LILACS STITCH
GOLD/WHITE/SILV GRY|GOLD/WHITE/SILV GRY
SPRUCE GREEN|SPRUCE GREEN
MAROON/WHT/SILV GRY|MAROON/WHT/SILV GRY
COL BLUE/WHT/SILV GRY|COL BLUE/WHT/SILV GRY
SPORT GREY/NAVY|SPORT GREY/NAVY
DRESS STEWART|DRESS STEWART
BROWN DUCK|BROWN DUCK
SPIDER TEXAS ORANGE|SPIDER TEXAS ORANGE
EVERYDAY OLIVE|EVERYDAY OLIVE
BLACK HRRNGBONE|BLACK HRRNGBONE
WILD GERANIUM|WILD GERANIUM
OXF GRY/DK GREEN|OXF GRY/DK GREEN
SEA FOAM|SEA FOAM
EC TR TUR/EC TR BUR|EC TR TUR/EC TR BUR
SOLID WHITE TRBLND|SOLID WHITE TRBLND
KHK/MIDNGHT BLUE|KHK/MIDNGHT BLUE
ECO OATMEAL|ECO OATMEAL
LIGHT PINK/WHITE|LIGHT PINK/WHITE
ATHLETIC DARK GREEN|ATHLETIC DARK GREEN
REACTIVE RAINBOW|REACTIVE RAINBOW
TOKYO TEAL|TOKYO TEAL
YACHT GREEN|YACHT GREEN
RAISIN|RAISIN
NAVY/PACIFIC|NAVY/PACIFIC
USA FLAG TRICOLOR|USA FLAG TRICOLOR
BLACK/WHITE/GREY|BLACK/WHITE/GREY
ECO TR FUSHCIA|ECO TR FUSHCIA
SURF|SURF
HEATHER INDIGO|HEATHER INDIGO
NAVY/OXFORD GRAY|NAVY/OXFORD GRAY
LEMON ZEST|LEMON ZEST
DAISY|DAISY
YELLOW HAZE|YELLOW HAZE
ROYAL/WHT/BLK|ROYAL/WHT/BLK
PETAL|PETAL
ICE GREY|ICE GREY
DILL/STONE|DILL/STONE
SPIDER ORANGE|SPIDER ORANGE
STEEL BLU/GRY/SLATE|STEEL BLU/GRY/SLATE
NAVY/STERLING|NAVY/STERLING
OATMEAL/ORANGE|OATMEAL/ORANGE
VINTAGE BLACK|VINTAGE BLACK
MIDNIGHT/WHITE|MIDNIGHT/WHITE
SPIDER ROYAL|SPIDER ROYAL
STONE GRAY/NAVY|STONE GRAY/NAVY
LIGHT STEEL|LIGHT STEEL
ICE BLUE/NAVY|ICE BLUE/NAVY
WHEAT|WHEAT
CARDINAL RED|CARDINAL RED
ASPHALT|ASPHALT
SERENE GREEN|SERENE GREEN
STEEL BLUE|STEEL BLUE
BROWN/WHITE|BROWN/WHITE
CHAMBRAY|CHAMBRAY
SUN|SUN
MAROON|MAROON
PACIFIC|PACIFIC
ROYAL/GREY/NAVY|ROYAL/GREY/NAVY
HAWAIIAN BLUE PRINT|HAWAIIAN BLUE PRINT
ANTQUE HELICONIA|ANTQUE HELICONIA
LIGHT BLUE/BROWN|LIGHT BLUE/BROWN
GOLDENROD|GOLDENROD
BROWN SAVANA|BROWN SAVANA
CREME|CREME
CORAL SILK|CORAL SILK
ECO TRUE GOLD|ECO TRUE GOLD
WHITE/ICE GREY|WHITE/ICE GREY
EC TR PUR/EC TR GLD|EC TR PUR/EC TR GLD
GREY HEATHER/GREEN|GREY HEATHER/GREEN
EARTH PNK RBBN|EARTH PNK RBBN
STRAW/NAVY|STRAW/NAVY
CHARITY PINK|CHARITY PINK
SILVER GRAY|SILVER GRAY
PEACE PINK|PEACE PINK
PUTTY/NEW NAVY|PUTTY/NEW NAVY
RED MELANGE|RED MELANGE
BLAZE|BLAZE
WHITE/POWDER BLUE STITCH|WHITE/POWDER BLUE STITCH
VIOLET|VIOLET
ROSEY CHEEKS|ROSEY CHEEKS
EC TR RED/EC TR ROY|EC TR RED/EC TR ROY
HEATHER AQUA|HEATHER AQUA
WHITE/FOREST|WHITE/FOREST
SLATE/GREY/WHITE|SLATE/GREY/WHITE
SEA GRASS|SEA GRASS
NEW NAVY|NEW NAVY
POLYNEON|POLYNEON
ECO BROWN|ECO BROWN
CELADON|CELADON
CRANBERRY/RUST|CRANBERRY/RUST
STONE/MAROON|STONE/MAROON
GREEN MIST|GREEN MIST
BAHAMA BLUE|BAHAMA BLUE
BLACK/GREY HEATHER|BLACK/GREY HEATHER
AZALEA NEW|AZALEA NEW
DECK BLUE|DECK BLUE
PINK CAMO|PINK CAMO
ECO GREY/ORANGE|ECO GREY/ORANGE
EMERALD HTHR|EMERALD HTHR
FUCHSIA|FUCHSIA
TURQUESA|TURQUESA
MARBLE BLUE TIGER|MARBLE BLUE TIGER
AUGUSTA GREEN|AUGUSTA GREEN
CONCRETE|CONCRETE
OJ/TRUE NAVY|OJ/TRUE NAVY
PURPLE/GOLD|PURPLE/GOLD
MANDARIN|MANDARIN
ECO ORANGE|ECO ORANGE
POWDER PNK/WHT/BLK|POWDER PNK/WHT/BLK
CORAL|CORAL
RED HOT|RED HOT
AZURE|AZURE
TRUE ROYAL|TRUE ROYAL
NAVY/GOLD|NAVY/GOLD
PEACE ORANGE|PEACE ORANGE
MARIGOLD|MARIGOLD
HELICONIA|HELICONIA
SPRING GRASS/WHITE|SPRING GRASS/WHITE
DK GRY HEATHER|DK GRY HEATHER
PURPLE/WHT/BLK|PURPLE/WHT/BLK
IRELAND/WHITE|IRELAND/WHITE
STONEWASHED BLUE|STONEWASHED BLUE
SPIDER PINK|SPIDER PINK
LEAF GREEN|LEAF GREEN
CLOVER/BLACK|CLOVER/BLACK
GREEN APPLE|GREEN APPLE
OXFORD GREY|OXFORD GREY
HEATHER GREY|HEATHER GREY
TROPICAL BLUE|TROPICAL BLUE
ORANGE/WHT/SILV GRY|ORANGE/WHT/SILV GRY
CEDAR|CEDAR
WHITE/WILD GERANIUM|WHITE/WILD GERANIUM
KELLY/WHITE|KELLY/WHITE
FLAG|FLAG
MAIZE/WHITE|MAIZE/WHITE
BRICK|BRICK
LIGHT TAN|LIGHT TAN
PIGMENT FATIGUE|PIGMENT FATIGUE
NAVY/ICE BLUE|NAVY/ICE BLUE
ALOE|ALOE
HTHR MILITARY GREEN|HTHR MILITARY GREEN
FIRESIDE BLACK|FIRESIDE BLACK
SAFETY YELLOW|SAFETY YELLOW
FATIGUE GREEN|FATIGUE GREEN
INK|INK
MAROON/C GOLD|MAROON/C GOLD
LEAF/SLATE/GREY|LEAF/SLATE/GREY
DARK GREEN/SPORT GREY|DARK GREEN/SPORT GREY
ATHLETIC HTHR/MAROON|ATHLETIC HTHR/MAROON
NAVY WHITE|NAVY WHITE
RASTA BLUE|RASTA BLUE
HEATHER GREY/WHITE|HEATHER GREY/WHITE
LIGHT RED TRIBLEND|LIGHT RED TRIBLEND
PEACE RAINBOW|PEACE RAINBOW
TONAL YELLOW|TONAL YELLOW
MIDNIGHT BLUE/NAVY|MIDNIGHT BLUE/NAVY
ORANGE|ORANGE
SHELL PINK|SHELL PINK
WHITE/STONE/NAVY|WHITE/STONE/NAVY
TRUE BLUE/BLK/STERLING|TRUE BLUE/BLK/STERLING
PALE YELLOW/WHITE|PALE YELLOW/WHITE
HTHR PURPLE/PURPLE|HTHR PURPLE/PURPLE
LODEN|LODEN
WHITE/VEGAS GOLD|WHITE/VEGAS GOLD
ECO GRY/ECO TRU RED|ECO GRY/ECO TRU RED
OLIVE/BLACK|OLIVE/BLACK
VINTAGE PLUM|VINTAGE PLUM
DIRTY HEATHER|DIRTY HEATHER
WHITE/PALE GREEN|WHITE/PALE GREEN
PINE GREEN/CHINO|PINE GREEN/CHINO
NAVY/WHITE/SILV GRY|NAVY/WHITE/SILV GRY
BAY|BAY
NATURAL|NATURAL
STORM GREY|STORM GREY
CHINO/BLACK|CHINO/BLACK
HEATHER NAVY|HEATHER NAVY
MILITARY GREEN|MILITARY GREEN
AQUATIC BLUE|AQUATIC BLUE
MAROON/VEGAS GOLD|MAROON/VEGAS GOLD
KELLY/POWDER BLUE|KELLY/POWDER BLUE
ROY/ATH HTHR/WHT|ROY/ATH HTHR/WHT
ANTIQUE WHITE|ANTIQUE WHITE
ATLANTIC STRIPE|ATLANTIC STRIPE
BROWN HRRNGBONE|BROWN HRRNGBONE
RED/WHITE/SILV GRY|RED/WHITE/SILV GRY
SLATE/GREY/ROYAL|SLATE/GREY/ROYAL
ROYAL|ROYAL
BAROLO/WHITE|BAROLO/WHITE
KELLY|KELLY
TRUE BLUE/STERLING|TRUE BLUE/STERLING
CITRUS YELLOW|CITRUS YELLOW
LIGHT LAVENDER|LIGHT LAVENDER
TRUE BLUE/WHITE|TRUE BLUE/WHITE
DK GRN/ATH HTHR/WHT|DK GRN/ATH HTHR/WHT
CHROME BLUE|CHROME BLUE
WASHED ROYAL|WASHED ROYAL
ROYAL STEWART|ROYAL STEWART
BLUE STONE|BLUE STONE
ECO GREY/GREEN|ECO GREY/GREEN
LIGHT PINK|LIGHT PINK
UNIVERSITY RED/BLACK|UNIVERSITY RED/BLACK
NATURAL/NAVY|NATURAL/NAVY
TEA ROSE|TEA ROSE
BERRY/WHITE|BERRY/WHITE
EC TR ROY/EC TR RED|EC TR ROY/EC TR RED
DK GREEN/WHITE/SILV GRY|DK GREEN/WHITE/SILV GRY
PALE YELLOW|PALE YELLOW
WHITE/BANANA MILKSHAKE STITCH|WHITE/BANANA MILKSHAKE STITCH
LAKE|LAKE
TEXAS ORANGE|TEXAS ORANGE
SAND DIGITAL|SAND DIGITAL
SPIDER NAVY|SPIDER NAVY
MOCHA/BLACK|MOCHA/BLACK
NAVY/BIMINI BLUE|NAVY/BIMINI BLUE
GRASS|GRASS
RUSTY BRONZE|RUSTY BRONZE
BRIGHT RED/NAVY|BRIGHT RED/NAVY
PURPLE/C GOLD|PURPLE/C GOLD
BLUE BELL|BLUE BELL
LIME WEDGE|LIME WEDGE
BLOOD ORANGE|BLOOD ORANGE
NEON RED ORANGE|NEON RED ORANGE
SOLID BLACK TRBLND|SOLID BLACK TRBLND
HEMP|HEMP
GRY CAMO|GRY CAMO
LEAF|LEAF
PISTACHIO|PISTACHIO
COTTON CANDY|COTTON CANDY
DK GRN/WHT/SILV GRY|DK GRN/WHT/SILV GRY
DARK SLATE BLUE|DARK SLATE BLUE
TONAL NAVY|TONAL NAVY
WHITE/NEW NAVY|WHITE/NEW NAVY
NATURAL/STORM|NATURAL/STORM
WHITE/BABY BLUE|WHITE/BABY BLUE
BLACK/GREY HTHR|BLACK/GREY HTHR
WOODSTOCK|WOODSTOCK
EMERALD TRIBLEND|EMERALD TRIBLEND
TRUE ROYAL/BLACK|TRUE ROYAL/BLACK
AZALEA|AZALEA
PUMPKIN|PUMPKIN
WASHED PINK|WASHED PINK
WHITE/GOLD|WHITE/GOLD
EC TR GRN/EC IVRY|EC TR GRN/EC IVRY
BLACK/STONE|BLACK/STONE
NATURAL/FLAMINGO|NATURAL/FLAMINGO
ACID BLACK|ACID BLACK
ECO TRUE PURPLE|ECO TRUE PURPLE
GLACIER|GLACIER
PINE GREEN/WHITE|PINE GREEN/WHITE
EC IVR/EC TR V BLK|EC IVR/EC TR V BLK
DESERT CAMO|DESERT CAMO
HUNTER/BLACK|HUNTER/BLACK
BLUE STRIPE|BLUE STRIPE
GRANITE/BLACK|GRANITE/BLACK
SCARLET/SHARK|SCARLET/SHARK
CHINO|CHINO
ECO COBALT|ECO COBALT
TEAL ICE|TEAL ICE
YELLOW|YELLOW
WHITE/NAVY/SCARLET|WHITE/NAVY/SCARLET
ABSOLUTE BLUE|ABSOLUTE BLUE
BASIL|BASIL
BRIGHT ROYAL/BLACK|BRIGHT ROYAL/BLACK
STONEWASH GREEN|STONEWASH GREEN
BABY BLUE/WHITE|BABY BLUE/WHITE
DUSTY BLUE|DUSTY BLUE
LILAC|LILAC
DEEP PURPLE|DEEP PURPLE
ARGENTINA BLUE/BLACK|ARGENTINA BLUE/BLACK
ECO TRUE ROYAL|ECO TRUE ROYAL
ELEPHANT|ELEPHANT
KHAKI/CHARCOAL|KHAKI/CHARCOAL
VINTAGE CHARCOAL|VINTAGE CHARCOAL
ROYAL/NAVY|ROYAL/NAVY
NAUTICAL BLUE|NAUTICAL BLUE
LT PINK/BLACK/WHITE|LT PINK/BLACK/WHITE
DEEP HEATHER/WHITE|DEEP HEATHER/WHITE
PIGMENT BORDEAUX|PIGMENT BORDEAUX
TEAM ORANGE|TEAM ORANGE
WHITE/GREY|WHITE/GREY
NATURAL/ROYAL|NATURAL/ROYAL
OXF GRY/TEAM BLU|OXF GRY/TEAM BLU
POWDER BLUE|POWDER BLUE
KEY LIME|KEY LIME
ATHLETIC GRAY|ATHLETIC GRAY
PURE GOLD|PURE GOLD
TEAM PURPLE|TEAM PURPLE
ECO GREY/ROYAL|ECO GREY/ROYAL
CABERNET|CABERNET
TAN/CHOCOLATE|TAN/CHOCOLATE
TEAM ORANGE/WHITE|TEAM ORANGE/WHITE
ECO GREEN|ECO GREEN
ATHLETIC HTHR/ROYAL|ATHLETIC HTHR/ROYAL
SAPPHIRE|SAPPHIRE
ESPRESSO HEATHER|ESPRESSO HEATHER
DEEP TEAL|DEEP TEAL
BLUE MIX|BLUE MIX
TEAMBLUE|TEAMBLUE
CHOCOLATE/SOFT PINK|CHOCOLATE/SOFT PINK
SILVER|SILVER
GREEN TRBLND NEW|GREEN TRBLND NEW
SPRMNT/FLAMINGO/WHITE|SPRMNT/FLAMINGO/WHITE
WHT/KELLY GREEN|WHT/KELLY GREEN
NATURAL/GREEN|NATURAL/GREEN
BLACK/HEATHER/WHITE|BLACK/HEATHER/WHITE
STONE/KHAKI|STONE/KHAKI
BLACK WATCH|BLACK WATCH
ECO GRY/ECO TR NVY|ECO GRY/ECO TR NVY
BLACK/BLACK|BLACK/BLACK
SPIDER GREEN|SPIDER GREEN
SOFT PNK/RSPBRRY|SOFT PNK/RSPBRRY
FOG|FOG
ECO TR GOLD|ECO TR GOLD
FOREST/WHITE|FOREST/WHITE
MOSS GREEN|MOSS GREEN
BLUE DUSK|BLUE DUSK
GULF|GULF
CARMINE RED|CARMINE RED
BLUSH/WHITE|BLUSH/WHITE
MERLOT/NEW NAVY|MERLOT/NEW NAVY
NEW BUTTER|NEW BUTTER
WINE|WINE
NEON PINK|NEON PINK
FOREST/SLATE|FOREST/SLATE
ECO TRUE ORANGE|ECO TRUE ORANGE
WHITE/BLACK/SCARLET|WHITE/BLACK/SCARLET
SPRING GRASS|SPRING GRASS
HUNTER GREEN|HUNTER GREEN
VIOLA/WHITE|VIOLA/WHITE
NEW OLIVE|NEW OLIVE
LAKE BLUE/NEW NAVY|LAKE BLUE/NEW NAVY
NAVY/SHARK|NAVY/SHARK
GREY/WHITE/SLATE|GREY/WHITE/SLATE
DEEP HTHR/CANVAS RED|DEEP HTHR/CANVAS RED
NATURAL/CLOVER|NATURAL/CLOVER
GREY TRIBLEND|GREY TRIBLEND
EARTH PINK RIBBON|EARTH PINK RIBBON
RED/NAVY|RED/NAVY
BLUE MOON|BLUE MOON
VAR YELL/OXF GRY|VAR YELL/OXF GRY
RED/ROYAL|RED/ROYAL
COFFEE/STONE|COFFEE/STONE
WOW PINK|WOW PINK
STONE/BLACK|STONE/BLACK
ROYAL/BLACK/WHITE|ROYAL/BLACK/WHITE
CHROME|CHROME
BLACK/CREME|BLACK/CREME
WHITE/SILV GRY/BLACK|WHITE/SILV GRY/BLACK
RED TRIBLEND|RED TRIBLEND
PINK/PINK/HEATHER|PINK/PINK/HEATHER
LIGHT FOREST|LIGHT FOREST
ATLETHIC HEATHER|ATLETHIC HEATHER
NATURAL/LINEN|NATURAL/LINEN
PAPRIKA HEATHER|PAPRIKA HEATHER
MAROON/WHITE|MAROON/WHITE
MUSTARD/NAVY|MUSTARD/NAVY
BAYLEAF|BAYLEAF
ECO MILITARY|ECO MILITARY
GRY HTHR/BURG|GRY HTHR/BURG
CAMEL|CAMEL
RIVER BLUE|RIVER BLUE
AQUA|AQUA
PIGMENT RED|PIGMENT RED
OXF GRY/NAVY|OXF GRY/NAVY
PINE GREEN|PINE GREEN
GULF/NAVY|GULF/NAVY
HEATHER GREEN/FOREST|HEATHER GREEN/FOREST
WHITE/MAROON|WHITE/MAROON
BABY BLUE/CHOCOLATE|BABY BLUE/CHOCOLATE
CLASSIC RAYON|CLASSIC RAYON
SOFT GREEN|SOFT GREEN
BABY BLUE/NAVY|BABY BLUE/NAVY
HEATHER IRISH GREEN|HEATHER IRISH GREEN
BRIGHT SALMON|BRIGHT SALMON
ECO GRY/ECO PNK RIB|ECO GRY/ECO PNK RIB
PEONY/WHITE|PEONY/WHITE
ECO TR ROYAL|ECO TR ROYAL
EC TR GLD/EC TR AVO|EC TR GLD/EC TR AVO
AQUA BLUE|AQUA BLUE
MID GREY|MID GREY
EC GRY/EC LT BLUE|EC GRY/EC LT BLUE
WHITE/GREY/SLATE|WHITE/GREY/SLATE
MERLOT|MERLOT
HEATHER CHARCOAL|HEATHER CHARCOAL
HEATHER BROWN|HEATHER BROWN
LIGHT GREEN|LIGHT GREEN
EMERALD|EMERALD
STONE|STONE
PINE/NEW NAVY|PINE/NEW NAVY
EC TR BLK/EC IVORY|EC TR BLK/EC IVORY
BLACK/GRAY|BLACK/GRAY
DESERT CAMOUFLGE|DESERT CAMOUFLGE
PIGMENT MUSTARD|PIGMENT MUSTARD
CRYSTAL BLUE|CRYSTAL BLUE
SPIDER PLUM|SPIDER PLUM
HEATHER MAROON|HEATHER MAROON
ROYAL/SPORT GREY|ROYAL/SPORT GREY
ECO TR TEAL|ECO TR TEAL
WHITE/NAVY|WHITE/NAVY
COFFEE/KHAKI|COFFEE/KHAKI
COAST/WHITE|COAST/WHITE
WHITE/PURPLE|WHITE/PURPLE
SEAFOAM BLUE|SEAFOAM BLUE
GREEN CAMO|GREEN CAMO
SPIDER SILVER|SPIDER SILVER
DARK GREY|DARK GREY
COCOA|COCOA
ALGAE|ALGAE
DILL|DILL
HEATHER PINK|HEATHER PINK
JADE|JADE
KINGSTON|KINGSTON
BLACK/SURPLUS|BLACK/SURPLUS
J NAVY|J NAVY
NAVY/GREY/ORANGE|NAVY/GREY/ORANGE
TRUE ROYAL MELANGE|TRUE ROYAL MELANGE
REDWOOD|REDWOOD
SOFT CREAM|SOFT CREAM
COLUMBIA BLUE/WHITE|COLUMBIA BLUE/WHITE
FUSCHIA|FUSCHIA
WHITE/ROSEY CHEEKS STITCH|WHITE/ROSEY CHEEKS STITCH
MALLARD|MALLARD
PEBBLE BROWN|PEBBLE BROWN
VIBE NAVY|VIBE NAVY
KIWI|KIWI
BLACK/ORANGE|BLACK/ORANGE
DEEP HEATHER|DEEP HEATHER
NAVY/LIGHT BLUE|NAVY/LIGHT BLUE
OYSTER|OYSTER
AMAZON/WHITE|AMAZON/WHITE
NAVY/KHAKI/NAVY|NAVY/KHAKI/NAVY
ATHLETIC HTHR/BLACK|ATHLETIC HTHR/BLACK
EARTH BLUE|EARTH BLUE
SUNSET|SUNSET
BLACKBERRY|BLACKBERRY
FLAMINGO PRINT|FLAMINGO PRINT
WHITE/KHAKI/BLACK|WHITE/KHAKI/BLACK
BANANA|BANANA
COFFEE|COFFEE
WILD SPIDER|WILD SPIDER
ANTIQUE CHERRY RED|ANTIQUE CHERRY RED
KHAKI/SPRUCE|KHAKI/SPRUCE
TONAL PINK|TONAL PINK
VINTAGE NAVY|VINTAGE NAVY
MACINTOSH|MACINTOSH
GREY HEATHER/NVY|GREY HEATHER/NVY
BLACK/SPORT GRAY|BLACK/SPORT GRAY
BLACK/BLACK/HEATHER|BLACK/BLACK/HEATHER
HTHR DARK GREY/BLACK|HTHR DARK GREY/BLACK
COPPER|COPPER
BLACK/GOLD|BLACK/GOLD
CORPORATE BLUE|CORPORATE BLUE
FIREFIGHTER|FIREFIGHTER
PEACE BLUE|PEACE BLUE
TAUPE|TAUPE
JAVA|JAVA
PALM GREEN|PALM GREEN
STONE/ROYAL|STONE/ROYAL
TRUE NAVY|TRUE NAVY
CAROLINA BLUE|CAROLINA BLUE
CHILI|CHILI
ECO GRY/ECO TRU NVY|ECO GRY/ECO TRU NVY
SAGE|SAGE
HEATHER PURPLE/PURPLE|HEATHER PURPLE/PURPLE
BLACK PLASTIC|BLACK PLASTIC
SUGAR/WHITE|SUGAR/WHITE
EC TR ROY/EC IVORY|EC TR ROY/EC IVORY
WHITE/YELLOW|WHITE/YELLOW
BLUE SPRUCE|BLUE SPRUCE
GRAPHITE|GRAPHITE
EC TR BLK/TR ROY|EC TR BLK/TR ROY
PINK SKULL|PINK SKULL
TAN|TAN
WHITE/FUCHSIA|WHITE/FUCHSIA
WHITE/ROYAL BLUE|WHITE/ROYAL BLUE
CITY GREEN|CITY GREEN
HAWAIIAN BLUE|HAWAIIAN BLUE
CILANTRO|CILANTRO
TAN/ARMY|TAN/ARMY
KELLY GREEN|KELLY GREEN
ECO TRUE RED|ECO TRUE RED
CANVAS RED|CANVAS RED
SILVER GREY|SILVER GREY
CHESTNUT|CHESTNUT
URBAN WOODLAND|URBAN WOODLAND
LIGHT YELLOW|LIGHT YELLOW
PARROT RED|PARROT RED
OXF GRY/SCARLET|OXF GRY/SCARLET
TIDE/TWILIGHT|TIDE/TWILIGHT
SILV GRY/NVY/SCA|SILV GRY/NVY/SCA
WHITE/RASPBERRY|WHITE/RASPBERRY
STONE/ESPRESSO|STONE/ESPRESSO
VINTAGE BURGUNDY|VINTAGE BURGUNDY
EC TR GLD/TR NVY|EC TR GLD/TR NVY
MAROON/WHT/BLK|MAROON/WHT/BLK
NATURAL/FOREST|NATURAL/FOREST
EMERALD GREEN|EMERALD GREEN
GREEN/WHITE|GREEN/WHITE
PEBBLE|PEBBLE
DARK GREEN|DARK GREEN
BUCK|BUCK
NAVY/BLACK|NAVY/BLACK
MERLOT/WHITE|MERLOT/WHITE
NATURAL/LIGHT BLUE|NATURAL/LIGHT BLUE
GREY HEATHER|GREY HEATHER
WHITE/CANVAS RED|WHITE/CANVAS RED
BLACK MELANGE|BLACK MELANGE
BROWN/TAN|BROWN/TAN
NAVY/CREME|NAVY/CREME
CARMINE RED/BLACK|CARMINE RED/BLACK
HTHER BROWN/BROWN|HTHER BROWN/BROWN
ECO FUSCHIA|ECO FUSCHIA
TONAL OLIVE|TONAL OLIVE
RED|RED
WISTERIA|WISTERIA
LEMONADE/WHITE|LEMONADE/WHITE
PIGMENT FATIQUE|PIGMENT FATIQUE
VINTAGE ORANGE|VINTAGE ORANGE
CLAY|CLAY
MERLOT TATTERSAL|MERLOT TATTERSAL
HEATHER|HEATHER
SILVER GREY/NAVY|SILVER GREY/NAVY
WHITE/BLACK|WHITE/BLACK
TRUE NAV/STAINLSS ST|TRUE NAV/STAINLSS ST
KHAKI/WILLOW|KHAKI/WILLOW
CAMEL HEATHER|CAMEL HEATHER
NAUTICAL RED|NAUTICAL RED
HUNTER|HUNTER
CAT|CAT
CRICKET GREEN|CRICKET GREEN
POLISHED RED|POLISHED RED
BRIGHT JUICY ORANGE|BRIGHT JUICY ORANGE
DENIM BLUE|DENIM BLUE
GRY HTHR/YELLOW|GRY HTHR/YELLOW
EARTH RED|EARTH RED
ATH HTHR/BLACK/WHITE|ATH HTHR/BLACK/WHITE
OLIVE/STONE|OLIVE/STONE
DILLWEED|DILLWEED
COAL|COAL
NATURAL/BLACK|NATURAL/BLACK
RED ROCK|RED ROCK
BIMINI BLUE/WHITE|BIMINI BLUE/WHITE
NAVY/ORANGE|NAVY/ORANGE
FOREST/STONE|FOREST/STONE
ECO TR PNK RIBBON|ECO TR PNK RIBBON
PROVENCE BLUE/INK|PROVENCE BLUE/INK
SMOKE|SMOKE
CRANBERRY|CRANBERRY
ECO TRUE MILITARY|ECO TRUE MILITARY
BLACK/GREY/RED|BLACK/GREY/RED
COLLEGIATE ROY/WHITE|COLLEGIATE ROY/WHITE
VINTAGE HOT PINK|VINTAGE HOT PINK
DENIM|DENIM
EARTH PINK RBBN|EARTH PINK RBBN
MERLOT STRIPE|MERLOT STRIPE
BLACK/KAHKI/BLACK|BLACK/KAHKI/BLACK
BLACK DENIM|BLACK DENIM
HEATHER TAN/BROWN|HEATHER TAN/BROWN
CHOCOLATE/PINK|CHOCOLATE/PINK
STONE/WHITE|STONE/WHITE
UNIVERSITY RED/WHITE|UNIVERSITY RED/WHITE
VINTAGE TURQUOISE|VINTAGE TURQUOISE
SILV GRY/BLK/WHT|SILV GRY/BLK/WHT
BROWN HEATHER|BROWN HEATHER
STRAW|STRAW
PLUM|PLUM
HEATHER GREY/RED|HEATHER GREY/RED
GOLD/NAVY|GOLD/NAVY
SKY BLUE|SKY BLUE
RED/NAVY/WHITE|RED/NAVY/WHITE
LT NAVY|LT NAVY
TRUE ROYAL/SPORT GREY|TRUE ROYAL/SPORT GREY
MAROON/WHITE/SILV GRY|MAROON/WHITE/SILV GRY
EMERALD HEATHER|EMERALD HEATHER
TERRA COTTA|TERRA COTTA
BUTTER|BUTTER
BURNT ORANGE|BURNT ORANGE
DARK DILL/PUTTY|DARK DILL/PUTTY
EARTH BARK|EARTH BARK
ATH HTHR/NAVY/WHITE|ATH HTHR/NAVY/WHITE
FOREST GREEN|FOREST GREEN
WHITE/GULF|WHITE/GULF
ECO BLACK|ECO BLACK
OLIVE/TAN|OLIVE/TAN
BLACK/CREAM|BLACK/CREAM
WINTERBERRY|WINTERBERRY
DO NOT USE|DO NOT USE
MONARCH|MONARCH
BLUSH|BLUSH
MAIZE YELLOW|MAIZE YELLOW
ORANGE/WHT/BLK|ORANGE/WHT/BLK
DK GREEN/WHT/BLK|DK GREEN/WHT/BLK
BLUEGRASS|BLUEGRASS
DARK NAVY/WHITE|DARK NAVY/WHITE
BLUE ASTER|BLUE ASTER
CHALK BLUE|CHALK BLUE
TONAL PURPLE|TONAL PURPLE
WHITE/WHITE|WHITE/WHITE
TOFU|TOFU
SPIRAL PURP/LT PURP|SPIRAL PURP/LT PURP
PERSIMMON|PERSIMMON
ATHLETIC HEATHER/RED|ATHLETIC HEATHER/RED
WHITE/INK|WHITE/INK
AMAZON/BLACK|AMAZON/BLACK
CAMOUFLAGE SAND|CAMOUFLAGE SAND
AMAZON/MOJITO|AMAZON/MOJITO
LT BLUE|LT BLUE
URBAN DIGITAL|URBAN DIGITAL
ECO GRY/ECO TR PUR|ECO GRY/ECO TR PUR
ORANGE/BLACK|ORANGE/BLACK
ARMY/BROWN|ARMY/BROWN
ECO PINK RBBN|ECO PINK RBBN
GREY/SLATE/ORANGE|GREY/SLATE/ORANGE
WHITE/ORANGE|WHITE/ORANGE
SLATE BLUE/WHITE|SLATE BLUE/WHITE
ECO TR BLACK|ECO TR BLACK
GREY HEATHER/BLACK|GREY HEATHER/BLACK
SPIRAL PINK/LT PINK|SPIRAL PINK/LT PINK
HEATHER BLUE|HEATHER BLUE
BLACK/WHITE/SILV GRY|BLACK/WHITE/SILV GRY
SPORTS GRAY|SPORTS GRAY
BERRY|BERRY
RED/SILVER|RED/SILVER
NEON GREEN|NEON GREEN
THUNDER CLOUD|THUNDER CLOUD
SND HTHR/OAT HTHR|SND HTHR/OAT HTHR
GRY HTHR/BLACK|GRY HTHR/BLACK
WHITE/UNIVERSITY RED|WHITE/UNIVERSITY RED
WHITE/TEAM BLUE|WHITE/TEAM BLUE
ANT JADE DOME|ANT JADE DOME
LIGHT DENIM|LIGHT DENIM
DENIM NEW|DENIM NEW
CAMO GREEN|CAMO GREEN
WASHED DENIM|WASHED DENIM
OLIVE/KHAKI|OLIVE/KHAKI
NAVY/SEA GREEN|NAVY/SEA GREEN
NAVY SKULL|NAVY SKULL
TEAL|TEAL
GREY HEATHER/ROYAL|GREY HEATHER/ROYAL
LIGHT BLUE/GREY|LIGHT BLUE/GREY
BLACK/RED|BLACK/RED
DEEP HTHR/CARDINAL|DEEP HTHR/CARDINAL
COL BLUE/WHITE|COL BLUE/WHITE
BLACK/MATRIX|BLACK/MATRIX
ORANGE/WHITE|ORANGE/WHITE
STORM|STORM
CRIMSON|CRIMSON
REAL RED|REAL RED
TEAM BLUE|TEAM BLUE
HABISCUS/TEA ROSE|HABISCUS/TEA ROSE
LAKE BLUE/WHITE|LAKE BLUE/WHITE
HTHR DARK CHOCOLATE|HTHR DARK CHOCOLATE
GREENSTONE|GREENSTONE
CHERRY/BLACK|CHERRY/BLACK
ECO GREY HEATHER|ECO GREY HEATHER
ATHLETIC HEATHER/BLACK|ATHLETIC HEATHER/BLACK
CHARCOAL TRIBLEND|CHARCOAL TRIBLEND
AMETHYST TRIBLEND|AMETHYST TRIBLEND
DEEP ROYAL|DEEP ROYAL
DK GREEN/VEGAS GOLD|DK GREEN/VEGAS GOLD
WHITE/LIGHT BLUE|WHITE/LIGHT BLUE
CLASSIC PINK|CLASSIC PINK
ECO GREY/RED|ECO GREY/RED
ECO ROYAL|ECO ROYAL
ROYAL/WHITE/SILV GRY|ROYAL/WHITE/SILV GRY
ECO PURPLE|ECO PURPLE
BLACK/UNIVERSITY RED|BLACK/UNIVERSITY RED
MUSTARD/BLUE|MUSTARD/BLUE
ECO VIOLET|ECO VIOLET
EC GRY/EC TRU PURP|EC GRY/EC TRU PURP
TROPICAL BREEZE|TROPICAL BREEZE
SILV GRY/SCA/BLK|SILV GRY/SCA/BLK
OXF GRY HEATHER|OXF GRY HEATHER
WHITE/SILV GRY/BLCK|WHITE/SILV GRY/BLCK
LIGHT BLUE|LIGHT BLUE
RASPBERRY|RASPBERRY
VINTAGE BROWN|VINTAGE BROWN
BRIGHT ORANGE|BRIGHT ORANGE
SPORT GREY|SPORT GREY
SKY|SKY
NAVY MELANGE|NAVY MELANGE
DARKEST GREEN/BLACK|DARKEST GREEN/BLACK
TOMATO|TOMATO
YELLOW SIZZLE|YELLOW SIZZLE
RAINFOREST/WHITE|RAINFOREST/WHITE
STONE STRIPE|STONE STRIPE
LAGOON BLUE|LAGOON BLUE
GREEN GRAPES|GREEN GRAPES
CAYENNE|CAYENNE
SOFT PINK/RSP|SOFT PINK/RSP
GREENWICH/WHITE|GREENWICH/WHITE
LIME|LIME
SILVER/WHITE|SILVER/WHITE
GREEN TRIBLEND|GREEN TRIBLEND
PROVENCE BLUE|PROVENCE BLUE
CANVAS RED/GREY|CANVAS RED/GREY
SLATE/WHITE|SLATE/WHITE
NAVY/STONE|NAVY/STONE
SPIDER FLAMINGO|SPIDER FLAMINGO
NAVY/SLATE/PACIFIC|NAVY/SLATE/PACIFIC
GRAPHITE/BLACK|GRAPHITE/BLACK
WILD GERANIUM/WLDGER|WILD GERANIUM/WLDGER
BLACK RAILROAD|BLACK RAILROAD
APPLE|APPLE
ARMY|ARMY
ESPRESSO|ESPRESSO
DEEP HEATHER/BLACK|DEEP HEATHER/BLACK
KHAKI/FOREST|KHAKI/FOREST
BLOSSOM|BLOSSOM
ECO GREY/BURGUNDY|ECO GREY/BURGUNDY
NEW NAVY/LAKE BLUE|NEW NAVY/LAKE BLUE
DEEP NAVY|DEEP NAVY
GREY HEATHER/NAVY|GREY HEATHER/NAVY
ECO TRUE BURGUNDY|ECO TRUE BURGUNDY
ECO MAIZE|ECO MAIZE
SPORT GREY/BLACK|SPORT GREY/BLACK
SPRING GREEN|SPRING GREEN
SUNRAY YELLOW|SUNRAY YELLOW
DARK BROWN|DARK BROWN
HEATHER PINK/CARDINAL|HEATHER PINK/CARDINAL
PINK RBBON DARK|PINK RBBON DARK
KLEIN BLUE|KLEIN BLUE
SLATE/GREY|SLATE/GREY
WHITE/SOFT PINK|WHITE/SOFT PINK
BLACK/PURPLE|BLACK/PURPLE
GREEN DIGITAL|GREEN DIGITAL
LAVENDER/WHITE|LAVENDER/WHITE
PERIWINKLE|PERIWINKLE
SPRNG GRASS/NEW NVY|SPRNG GRASS/NEW NVY
ROYAL/RED|ROYAL/RED
KHAKI/BURGANDY|KHAKI/BURGANDY
WHITE|WHITE
PINK|PINK
HAVANA|HAVANA
BLACK CRDBRD|BLACK CRDBRD
PINE|PINE
CHOCOLATE/OCEAN BLUE|CHOCOLATE/OCEAN BLUE
SPIRAL LAVENDER BLUE|SPIRAL LAVENDER BLUE
HEATHER ORANGE|HEATHER ORANGE
PALE GREEN/PALE YELLOW|PALE GREEN/PALE YELLOW
CALIFORNIA TEAL|CALIFORNIA TEAL
VINTAGE OLIVE|VINTAGE OLIVE
BLACK/PUTTY|BLACK/PUTTY
OXFORD GRY HTHR|OXFORD GRY HTHR
TULIP|TULIP
SPIDER TURQUOISE|SPIDER TURQUOISE
YAM/BLUE|YAM/BLUE
GREY|GREY
IRISH GREEN|IRISH GREEN
CASHMERE PINK|CASHMERE PINK
BLACK/BROWN|BLACK/BROWN
PIGMENT BROWN|PIGMENT BROWN
DOVE GREY|DOVE GREY
CARDINAL/GREY|CARDINAL/GREY
NAVY/CHINO|NAVY/CHINO
TEAM BLUE/NAVY|TEAM BLUE/NAVY
TRUE ROYAL/TRUE NAVY|TRUE ROYAL/TRUE NAVY
BLACK/ATH HTHR/WHT|BLACK/ATH HTHR/WHT
HTHR TAN/CHOCOLATE|HTHR TAN/CHOCOLATE
RED/SLATE|RED/SLATE
WHITE/IVY|WHITE/IVY
ATHLETIC HEATHER|ATHLETIC HEATHER
COLUMBIA BLUE|COLUMBIA BLUE
HEATHER RASPBERRY|HEATHER RASPBERRY
SPIDER BLACK|SPIDER BLACK
BLACK/IRON|BLACK/IRON
DK GREEN/BLACK/WHITE|DK GREEN/BLACK/WHITE
ECO NAVY|ECO NAVY
PACIFIC/GREY/NAVY|PACIFIC/GREY/NAVY
ASH GREY|ASH GREY
CHOCOLATE|CHOCOLATE
ECO PINK|ECO PINK
FLUORESCENT SWIRL|FLUORESCENT SWIRL
PEWTER|PEWTER
CUMIN|CUMIN
OCEAN|OCEAN
GRAPHITE GREY|GRAPHITE GREY
HTHR PINK/CARDINAL|HTHR PINK/CARDINAL
DARK PURPLE|DARK PURPLE
DENIM/BLACK|DENIM/BLACK
DEEP RED|DEEP RED
NAVY/WHITE|NAVY/WHITE
ECO TR PINK RBBN|ECO TR PINK RBBN
IVY|IVY
NAVY/SPORT GREY|NAVY/SPORT GREY
FRESH PINK/WHITE|FRESH PINK/WHITE
NATURAL/HOT PINK|NATURAL/HOT PINK
ROYAL/ORANGE|ROYAL/ORANGE
CAMOUFLAGE GREEN|CAMOUFLAGE GREEN
TILE RED|TILE RED
ECO WHEAT|ECO WHEAT
SPIDER RED|SPIDER RED
PUTTY/BLACK|PUTTY/BLACK
PUTTY|PUTTY
EARTH|EARTH
SOFT YELLOW|SOFT YELLOW
ATLANTIC TATTERSAL|ATLANTIC TATTERSAL
HEATHER SLATE|HEATHER SLATE
CITRUS|CITRUS
TIDE|TIDE
NAVY/VEGAS GOLD|NAVY/VEGAS GOLD
ECO TR MILITARY|ECO TR MILITARY
NATURAL/HUNTER|NATURAL/HUNTER
CIGAR|CIGAR
RED/RED|RED/RED
DAFFODIL|DAFFODIL
GOLD|GOLD
FOREST GREEN NEW|FOREST GREEN NEW
PACIFIC BLUE|PACIFIC BLUE
DK CHOCOLATE|DK CHOCOLATE
RED/GREY/SLATE|RED/GREY/SLATE
VEGAS GOLD/WHITE|VEGAS GOLD/WHITE
VINTAGE BLUE|VINTAGE BLUE
BLACK/GREY|BLACK/GREY
FLAMINGO|FLAMINGO
TANGERINE|TANGERINE
PUR HTHR/ASH HTHR|PUR HTHR/ASH HTHR
VINTAGE ARMY|VINTAGE ARMY
SPIDER CHOCOLATE|SPIDER CHOCOLATE
GRAVEL|GRAVEL
BRIGHT ROSE|BRIGHT ROSE
NAVY/BABY BLUE|NAVY/BABY BLUE
RED/WHITE|RED/WHITE
ORANGE PEEL/WHITE|ORANGE PEEL/WHITE
KELLY/GOLD|KELLY/GOLD
AP|AP
BROWN HERRINGBONE|BROWN HERRINGBONE
SAFETY ORANGE|SAFETY ORANGE
WHITE/PINK|WHITE/PINK
SUN/WHITE|SUN/WHITE
GRASS/TAN|GRASS/TAN
CIEL BLUE|CIEL BLUE
BLACK/VEGAS GOLD|BLACK/VEGAS GOLD
ROYAL BLUE|ROYAL BLUE
ECO FUCHSIA|ECO FUCHSIA
ROYAL/SLATE/GREY|ROYAL/SLATE/GREY
ATH BLUE TRIBLEND|ATH BLUE TRIBLEND
COFFEE/GREY/SLATE|COFFEE/GREY/SLATE
TRUE ROYAL/WHITE|TRUE ROYAL/WHITE
DAQUIRI|DAQUIRI
COBALT|COBALT
BLACK/STERLING|BLACK/STERLING
DARK GREEN/VEGAS GOLD|DARK GREEN/VEGAS GOLD
COL BLUE/WHITE/SILV GRY|COL BLUE/WHITE/SILV GRY
HEATHER BLACK|HEATHER BLACK
DARK GREEN/WHITE|DARK GREEN/WHITE
KHAKI/BLACK|KHAKI/BLACK
NAVY RAINBOW|NAVY RAINBOW
HEATHER CARDINAL|HEATHER CARDINAL
VANILLA|VANILLA
EVERGREEN|EVERGREEN
WHITE/PINE/NAVY|WHITE/PINE/NAVY
PEACH|PEACH
ACID BLUE|ACID BLUE
KHAKI/NAVY|KHAKI/NAVY
KHAKI/ROYAL|KHAKI/ROYAL
NATURAL/LILAC CAMO|NATURAL/LILAC CAMO
HEATHER SAPPHIRE|HEATHER SAPPHIRE
NAVY/STONE GRAY|NAVY/STONE GRAY
SPIDER KELLY|SPIDER KELLY
ALUMINUM/IRON|ALUMINUM/IRON
WHITE CRDBRD|WHITE CRDBRD
SHAMROCK GREEN|SHAMROCK GREEN
HEATHER TAN|HEATHER TAN
SPIDER BABY BLUE|SPIDER BABY BLUE
CALIFORNIA BLUE|CALIFORNIA BLUE
MILITARY|MILITARY
NAVY/CANVAS RED|NAVY/CANVAS RED
ECO LIGHT BLUE|ECO LIGHT BLUE
MATRIX/HEATHER/WHITE|MATRIX/HEATHER/WHITE
PINK RIBBON DARK|PINK RIBBON DARK
CACTUS GREEN|CACTUS GREEN
SAGESTONE|SAGESTONE
MARBLE LIME|MARBLE LIME
GOLD/ATH HTHR/WHT|GOLD/ATH HTHR/WHT
MAROON/SPORT GREY|MAROON/SPORT GREY
DK GREEN/WHITE|DK GREEN/WHITE
HORIZON|HORIZON
SATURN|SATURN
SEA BLUE|SEA BLUE
CHERRY RED|CHERRY RED
OXFORD GRY/BLACK|OXFORD GRY/BLACK
TUDOR BROWN|TUDOR BROWN
NAVY/GREY HEATHER|NAVY/GREY HEATHER
GREY/BLACK|GREY/BLACK
ROYAL/GOLD|ROYAL/GOLD
PINK RIBBON|PINK RIBBON
ICE GREY/WHITE|ICE GREY/WHITE
GOLD NUGGET|GOLD NUGGET
BLACK/SPORT GREY|BLACK/SPORT GREY
RUBY|RUBY
OATMEAL HEATHER|OATMEAL HEATHER
HIBISCUS|HIBISCUS
NATURAL/ORANGE|NATURAL/ORANGE
ECO TRUE NAVY|ECO TRUE NAVY
LAVENDER/SLATE|LAVENDER/SLATE
LIGHT MAROON/WHITE|LIGHT MAROON/WHITE
MAIZE|MAIZE
PURPLE/WHT/SILV GRY|PURPLE/WHT/SILV GRY
LINEN|LINEN
GREEN|GREEN
COLLEGIATE ROYAL|COLLEGIATE ROYAL
WESTERN SKY|WESTERN SKY
TONAL TURQOUISE|TONAL TURQOUISE
GOLD/BLACK/WHITE|GOLD/BLACK/WHITE
COBBLESTONE|COBBLESTONE
CINNAMON|CINNAMON
CHARCOAL|CHARCOAL
CHARCOAL HEATHER|CHARCOAL HEATHER
PALE GREEN/WHITE|PALE GREEN/WHITE
BLACK/STONE GRAY|BLACK/STONE GRAY
MAROON/BLACK/WHITE|MAROON/BLACK/WHITE
EARTH YELLOW|EARTH YELLOW
DEEP FOREST|DEEP FOREST
MARBLE LOLLYPOP|MARBLE LOLLYPOP
DRESS GORDON|DRESS GORDON
AMAZON|AMAZON
PINOT|PINOT
ROYAL CARIBE|ROYAL CARIBE
BLACK/ROYAL|BLACK/ROYAL
NAVY/CREAM|NAVY/CREAM
YACHT CLUB|YACHT CLUB
ICE BLUE|ICE BLUE
MARLIN|MARLIN
WASHED NAVY|WASHED NAVY
WHITE/DARK GREEN|WHITE/DARK GREEN
FATIGUE|FATIGUE
MIDNIGHT NAVY|MIDNIGHT NAVY
SAFETY GREEN|SAFETY GREEN
PALE GRN/PALE YELL|PALE GRN/PALE YELL
TWILIGHT BLUE|TWILIGHT BLUE
PEPPER|PEPPER
NAVY/WHITE/STERLING|NAVY/WHITE/STERLING
ATHLETIC ROYAL/WHT|ATHLETIC ROYAL/WHT
TAN/BROWN|TAN/BROWN
TIDE/WHITE|TIDE/WHITE
ECO OAT HEATHER|ECO OAT HEATHER
VIBE NAVY/WHITE|VIBE NAVY/WHITE
NAVY/WHITE/BLACK|NAVY/WHITE/BLACK
GECKO|GECKO
STONEDUST|STONEDUST
SPIDER GOLD|SPIDER GOLD
STONE/FOREST|STONE/FOREST
HEATHER NAVY/NAVY|HEATHER NAVY/NAVY
WARM APRICOT|WARM APRICOT
COL BLUE/BLACK/WHT|COL BLUE/BLACK/WHT
BLACK/SLATE|BLACK/SLATE
GREEN/GOLD|GREEN/GOLD
BLACK/BRIGHT RED|BLACK/BRIGHT RED
WHITE/TURQUOISE|WHITE/TURQUOISE
ECO IVORY|ECO IVORY
OLIVE|OLIVE
SMOKE GRAY|SMOKE GRAY
ECO GRY/ECO TR RED|ECO GRY/ECO TR RED
RUST|RUST
WASHED WHITE|WASHED WHITE
STONE/NAVY|STONE/NAVY
DIJON|DIJON
DARK GREEN/ATH HTHR/WHT|DARK GREEN/ATH HTHR/WHT
PURPLE TRIBLEND|PURPLE TRIBLEND
WHITE/RED|WHITE/RED
SILVER GREY/BLACK|SILVER GREY/BLACK
RED/BLACK/WHITE|RED/BLACK/WHITE
PALE PINK/WHITE|PALE PINK/WHITE
BLACK TRIBLEND|BLACK TRIBLEND
ATHLETIC ROYAL/SHARK|ATHLETIC ROYAL/SHARK
KHAKI GREEN|KHAKI GREEN
VERY PINK|VERY PINK
SCARLET/WHITE|SCARLET/WHITE
NEW NAVY/STONE|NEW NAVY/STONE
MANGO|MANGO
OATMEAL/BLACK|OATMEAL/BLACK
NEW NAVY/WHITE|NEW NAVY/WHITE
BLACK/STAINLESS STL|BLACK/STAINLESS STL
BROWN|BROWN
KHAKI|KHAKI
ECO GRY/ECO TRU ROY|ECO GRY/ECO TRU ROY
NAT/FLAMINGO PRINT|NAT/FLAMINGO PRINT
VEGAS GOLD|VEGAS GOLD
CREAMSICLE|CREAMSICLE
ASH|ASH
LIGHT GREY HEATHER|LIGHT GREY HEATHER
AZURE/NAVY|AZURE/NAVY
HEATHER GREY/BLK|HEATHER GREY/BLK
ROYAL/WHITE|ROYAL/WHITE
ORANGE PEEL|ORANGE PEEL
BRANDY|BRANDY
BEDROCK|BEDROCK
SPIDER DANDELION|SPIDER DANDELION
SLATE BLUE|SLATE BLUE
NAVY/HEATHER/WHITE|NAVY/HEATHER/WHITE
BLUE|BLUE
IVORY|IVORY
TENN ORANGE|TENN ORANGE
MAROON/ATH HTHR/WHT|MAROON/ATH HTHR/WHT
ECO TR BROWN|ECO TR BROWN
SPIRAL LAV BLUE|SPIRAL LAV BLUE
TAMALE|TAMALE
LEMON|LEMON
MUSHROOM|MUSHROOM
EC TR RD/TR VN BLK|EC TR RD/TR VN BLK
ECO LILAC|ECO LILAC
ISLAND YELLOW|ISLAND YELLOW
BERRY/PINK|BERRY/PINK
BLACK|BLACK
WHITE/VIBE NAVY|WHITE/VIBE NAVY
PEACE LIME|PEACE LIME
SURPLUS|SURPLUS
PURPLE|PURPLE
ECO CREAM|ECO CREAM
SEAFOAM|SEAFOAM
SAND|SAND
FRESH PINK TATTERSAL|FRESH PINK TATTERSAL
LIGHT BLUE/NAVY|LIGHT BLUE/NAVY
HEATHER BLUE/NAVY|HEATHER BLUE/NAVY
BLACK/KHAKI|BLACK/KHAKI
YUCCA ROSE|YUCCA ROSE
AUBERGINE|AUBERGINE
ORANGE/WHITE/SILV GRY|ORANGE/WHITE/SILV GRY
JADE DOME|JADE DOME
OATMEAL/ROYAL|OATMEAL/ROYAL
NATURAL/GREEN CAMO|NATURAL/GREEN CAMO
PACIFIC/NAVY|PACIFIC/NAVY
KELLY/ATH HTHR/WHT|KELLY/ATH HTHR/WHT
APPLE RED|APPLE RED
TRUE RED|TRUE RED
WASHED CHERRY|WASHED CHERRY
NAVY/RED|NAVY/RED
HOT PINK|HOT PINK
TOUR BUS|TOUR BUS
NEON RAINBOW|NEON RAINBOW
PIGMENT NAVY|PIGMENT NAVY
DARK NAVY|DARK NAVY
SLATE GRAY/SHARK|SLATE GRAY/SHARK
TRUE ROYAL/NAVY|TRUE ROYAL/NAVY
HEATHER GREY/NVY|HEATHER GREY/NVY
STEEL BLUE/NAVY|STEEL BLUE/NAVY
SPIDER MINT|SPIDER MINT
ORANGE/ATH HTHR/WHT|ORANGE/ATH HTHR/WHT
CARRIBEAN BLUE|CARRIBEAN BLUE
STONE TATTERSAL|STONE TATTERSAL
BRIGHT ROYAL|BRIGHT ROYAL
RUSSET|RUSSET
BLUE GREY|BLUE GREY
COLLEGIATE ROYAL/WHITE|COLLEGIATE ROYAL/WHITE
LT RED TRBLND NEW|LT RED TRBLND NEW
OXFORD|OXFORD
GOLDEN/BLACK|GOLDEN/BLACK
ECO PINK RIBBON|ECO PINK RIBBON
MOSSY PLUM|MOSSY PLUM
MOCHA|MOCHA
OCEAN BLUE/MIDNIGHT|OCEAN BLUE/MIDNIGHT
GREY/SLATE|GREY/SLATE
EC TR BLK/EC TR BRN|EC TR BLK/EC TR BRN
NATURAL/AQUA PRINT|NATURAL/AQUA PRINT
NEON ORANGE|NEON ORANGE
EARTH NATURAL|EARTH NATURAL
DARK GREY HEATHER|DARK GREY HEATHER
FOREST/FOREST|FOREST/FOREST
HEATHER RED|HEATHER RED
PARK/WHITE|PARK/WHITE
BIO WHITE|BIO WHITE
NATURAL/CHOCOLATE|NATURAL/CHOCOLATE
BLUE OCEAN|BLUE OCEAN
PEACE MULTI|PEACE MULTI
NEON YELLOW|NEON YELLOW
YELLOW NEW|YELLOW NEW
SUNBURST|SUNBURST
DEEP HEATHER/BLK|DEEP HEATHER/BLK
NATURAL/PINK|NATURAL/PINK
WHITE/GREEN GRAPES STITCH|WHITE/GREEN GRAPES STITCH
PALE GREEN|PALE GREEN
WHITE/PUTTY|WHITE/PUTTY
BLACK/GRANITE HEATHER|BLACK/GRANITE HEATHER
NAVY TRIBLEND|NAVY TRIBLEND
TRUE NAVY/TRUE NAVY|TRUE NAVY/TRUE NAVY
DARK DENIM|DARK DENIM
LIGHT BLUE/WHITE|LIGHT BLUE/WHITE
DILL/NAVY|DILL/NAVY
ECO TR RUST|ECO TR RUST
LIGHT GREY|LIGHT GREY
SCARLET/BLACK|SCARLET/BLACK
ARMY/ORANGE|ARMY/ORANGE
MELON|MELON
CACTUS|CACTUS
NATURAL/HAWAIIAN BLUE PRINT|NATURAL/HAWAIIAN BLUE PRINT
CARIBBEAN BLUE|CARIBBEAN BLUE
DK GREEN/ATH HTHR/WHT|DK GREEN/ATH HTHR/WHT
STONE FLAG|STONE FLAG
FROST SKY|FROST SKY
SPIDER MANDARIN|SPIDER MANDARIN
BLACK STEWART|BLACK STEWART
TIGERLILLY/WHITE|TIGERLILLY/WHITE
MELON/WHITE|MELON/WHITE
LIGHT NAVY|LIGHT NAVY
ATHLETIC GOLD|ATHLETIC GOLD
OLIVE/NAVY|OLIVE/NAVY
PEONY|PEONY
METRO BLUE|METRO BLUE
NATURAL/LIME|NATURAL/LIME
ECRU/BLACK/STERLING|ECRU/BLACK/STERLING
ECO TRUE GREEN|ECO TRUE GREEN
NEON DARK BLUE|NEON DARK BLUE
PEACE DOTS|PEACE DOTS
NATURAL/BROWN|NATURAL/BROWN
VARSITY YELLOW|VARSITY YELLOW
NAVY/SLATE|NAVY/SLATE
NAVY/SILVER|NAVY/SILVER
ECO GRY/ECO TRU BLK|ECO GRY/ECO TRU BLK
SILVER GRAY/NAVY|SILVER GRAY/NAVY
COOL GREY|COOL GREY
ECO RED|ECO RED
HIGHRISE GREY|HIGHRISE GREY
ECO GRY/ECO TRU GRN|ECO GRY/ECO TRU GRN
MOSS/STONE|MOSS/STONE
SPRUCE|SPRUCE
RAILROAD|RAILROAD
SHELL|SHELL
HAWTHORNE/TRUE NAVY|HAWTHORNE/TRUE NAVY
SPIDER LIME|SPIDER LIME
BORDEAUX|BORDEAUX
ECO TR TURQ|ECO TR TURQ
TWILIGHT/TIDE|TWILIGHT/TIDE
CLEAR|CLEAR
DEEP BLACK|DEEP BLACK
SEAPORT|SEAPORT
NAVY|NAVY
OCEAN BLUE|OCEAN BLUE
MAROON/GOLD|MAROON/GOLD
GREEN WOODLAND|GREEN WOODLAND
KHAKI/WHITE|KHAKI/WHITE
BLACK/FUCHSIA|BLACK/FUCHSIA
NAVY/RED/WHITE|NAVY/RED/WHITE
ANTIQUE ROYAL|ANTIQUE ROYAL
KELLY/ROYAL|KELLY/ROYAL
SANDSTONE|SANDSTONE
WHITE/TRUE ROYAL|WHITE/TRUE ROYAL
PINK/ROYAL|PINK/ROYAL
DARK GREEN HEATHER|DARK GREEN HEATHER
BIMINI BLUE/WHT|BIMINI BLUE/WHT
VINTAGE CORAL|VINTAGE CORAL
HEATHER/BLACK|HEATHER/BLACK
ECO TRUE AVOCADO|ECO TRUE AVOCADO
NAVY/GREY HEATHER/WHITE|NAVY/GREY HEATHER/WHITE
ANTIQUE ORANGE|ANTIQUE ORANGE
NAVY DENIM|NAVY DENIM
SAFARI|SAFARI
BLACK/BLK/WHT|BLACK/BLK/WHT
WASHED BLACK|WASHED BLACK
WHITE/KELLY|WHITE/KELLY
MOSS|MOSS
MOONDANCE|MOONDANCE
ENGLISH BLUE|ENGLISH BLUE
TENNESSEE ORANGE|TENNESSEE ORANGE
RED/NEW NAVY|RED/NEW NAVY
PURPLE/ATH HTHR/WHT|PURPLE/ATH HTHR/WHT
GRAY|GRAY
BURGUNDY|BURGUNDY
DEEP ORANGE/NAVY|DEEP ORANGE/NAVY
FAIRWAY GREEN|FAIRWAY GREEN
ORANGE/BLACK/WHITE|ORANGE/BLACK/WHITE
ECRU/WHITE|ECRU/WHITE
HEATHER BLACK/BLACK|HEATHER BLACK/BLACK
POWER PINK|POWER PINK
RAINBOW MIX|RAINBOW MIX
MINT|MINT
ECO GREY|ECO GREY
WASHED PLUM|WASHED PLUM
PINK RBBN DARK|PINK RBBN DARK
WHITE/GREY/NAVY|WHITE/GREY/NAVY
ORANGE SHERBERT|ORANGE SHERBERT
SLATE/TAN|SLATE/TAN
PLUM/SOFT PINK|PLUM/SOFT PINK
MARINE|MARINE
FRENCH BLUE/NAVY|FRENCH BLUE/NAVY
ATH BLUE TRBLND NEW|ATH BLUE TRBLND NEW
DARK GGEEN|DARK GGEEN
DARK GREEN/GOLD|DARK GREEN/GOLD
FOREST|FOREST
BERRY/SOFT PINK|BERRY/SOFT PINK
OXFORD GRAY|OXFORD GRAY
SPEARMINT PRINT|SPEARMINT PRINT
EARTH MOSS|EARTH MOSS
PEACE BLACK|PEACE BLACK
PEACE PURPLE|PEACE PURPLE
NVY HTHR/ASH HTHR|NVY HTHR/ASH HTHR
AQUA/WHITE|AQUA/WHITE
